{
  "accuracy_uncalibrated": 0.9396732299958106,
  "accuracy_calibrated": 0.9396732299958106,
  "balanced_accuracy": 0.9671894783680426,
  "f1_macro": 0.9341059255329276,
  "log_loss_before": 0.37428949387228494,
  "log_loss_after": 0.7429899389001763,
  "temperature": 2.0,
  "f1_std": 0.02037112470410023,
  "per_class_f1": [
    0.9493070058857034,
    0.917557251908397,
    0.9588014981273408,
    0.910757946210269
  ],
  "hyperparameters": {
    "learning_rate": 0.0001,
    "dropout_rates": [
      0.6,
      0.5,
      0.4
    ],
    "l2_reg": 0.005,
    "batch_size": 16,
    "epochs": 150,
    "label_smoothing": 0.25,
    "temperature": 2.5,
    "mixup_alpha": 0.3,
    "focal_gamma": 3.5,
    "focal_alpha": 0.5,
    "smote_ratio": 1.0
  },
  "classes": [
    "Makanan Olahan",
    "Reparasi Kendaraan",
    "Roti & Kue",
    "Tekstil & Pakaian"
  ]
}