{
  "accuracy": 0.9794721407624634,
  "balanced_accuracy": 0.9757637263409452,
  "f1_macro": 0.9754156644984394,
  "f1_weighted": 0.9795056547991821,
  "f1_std": 0.009021363922624082,
  "num_classes": 4,
  "input_dim": 154,
  "classes": [
    "Makanan Olahan",
    "Reparasi Kendaraan",
    "Roti & Kue",
    "Tekstil & Pakaian"
  ],
  "per_class_f1": [
    0.9849555918071415,
    0.9824267782426779,
    0.9622205088666153,
    0.9720597790773229
  ],
  "training_samples_after_smote": 51310
}